,Gamma,Error,Time,Iterations
1,0.999,0,1.4210801124572754,18
2,0.998,0,1.0018045902252197,18
3,0.997,1,0.6091911792755127,17
4,0.996,1,0.4647243022918701,17
5,0.995,1,0.3511826992034912,17
6,0.994,1,0.2649803161621094,17
7,0.993,1,0.20897507667541504,17
8,0.992,1,0.20307707786560059,17
9,0.991,1,0.17122554779052734,17
10,0.99,2,0.1503758430480957,16
11,0.989,2,0.1249704360961914,16
12,0.988,2,0.12497091293334961,16
13,0.987,2,0.12209510803222656,16
14,0.986,2,0.10440182685852051,16
15,0.985,2,0.10934734344482422,16
16,0.984,2,0.09372901916503906,16
17,0.983,2,0.07813405990600586,16
18,0.982,3,0.06248974800109863,15
19,0.981,3,0.0791933536529541,15
20,0.98,3,0.07563281059265137,15
21,0.979,3,0.06980609893798828,15
22,0.978,3,0.0678243637084961,15
23,0.977,3,0.06479191780090332,15
24,0.976,3,0.03647565841674805,15
25,0.975,3,0.06251311302185059,15
26,0.974,3,0.03121471405029297,15
27,0.973,4,0.04689764976501465,14
28,0.972,4,0.04683065414428711,14
29,0.971,4,0.03124237060546875,14
30,0.97,4,0.04778242111206055,14
31,0.969,4,0.04291391372680664,14
32,0.968,4,0.04983806610107422,14
33,0.967,4,0.03889608383178711,14
34,0.966,4,0.039929866790771484,14
35,0.965,4,0.036864519119262695,14
36,0.964,4,0.032912254333496094,14
37,0.963,4,0.025242328643798828,14
38,0.962,5,0.03124237060546875,13
39,0.961,5,0.015654325485229492,13
40,0.96,5,0.031243085861206055,13
41,0.959,5,0.032366037368774414,13
42,0.958,5,0.01562976837158203,13
43,0.957,5,0.031238079071044922,13
44,0.956,5,0.015621423721313477,13
45,0.955,5,0.026655197143554688,13
46,0.954,5,0.03127455711364746,13
47,0.953,5,0.02635812759399414,13
48,0.952,5,0.02194046974182129,13
49,0.951,6,0.025931596755981445,12
50,0.95,6,0.021974563598632812,12
51,0.949,6,0.020910263061523438,12
52,0.948,6,0.020943403244018555,12
53,0.947,6,0.01994800567626953,12
54,0.946,6,0.018947124481201172,12
55,0.945,6,0.01897883415222168,12
56,0.944,6,0.026898622512817383,12
57,0.943,6,0.017952442169189453,12
58,0.942,6,0.01795196533203125,12
59,0.941,6,0.01795196533203125,12
60,0.94,6,0.015957117080688477,12
61,0.9390000000000001,6,0.014955520629882812,12
62,0.938,6,0.009398460388183594,12
63,0.937,7,0.015653133392333984,11
64,0.9359999999999999,7,0.015589714050292969,11
65,0.935,7,0.0,11
66,0.9339999999999999,7,0.015621423721313477,11
67,0.933,7,0.015621185302734375,11
68,0.9319999999999999,7,0.01565384864807129,11
69,0.931,7,0.015623092651367188,11
70,0.9299999999999999,7,0.0,11
71,0.929,7,0.015615463256835938,11
72,0.928,7,0.015621185302734375,11
73,0.927,7,0.015593767166137695,11
74,0.926,7,0.03124380111694336,11
75,0.925,7,0.015621185302734375,11
76,0.924,7,0.015620708465576172,11
77,0.923,7,0.015621423721313477,11
78,0.922,7,0.0,11
79,0.921,8,0.015621662139892578,10
80,0.92,8,0.015621662139892578,10
81,0.919,8,0.0,10
82,0.918,8,0.015620946884155273,10
83,0.917,8,0.015621423721313477,10
84,0.916,8,0.0,10
85,0.915,8,0.015620708465576172,10
86,0.914,8,0.015620946884155273,10
87,0.913,8,0.0,10
88,0.912,8,0.030965805053710938,10
89,0.911,8,0.006640434265136719,10
90,0.91,8,0.03127574920654297,10
91,0.909,8,0.015622615814208984,10
92,0.908,8,0.015587568283081055,10
93,0.907,8,0.0,10
94,0.906,8,0.015621185302734375,10
95,0.905,8,0.0156552791595459,10
96,0.904,8,0.0,10
97,0.903,8,0.015588045120239258,10
98,0.902,9,0.0,9
99,0.901,9,0.01562190055847168,9
100,0.9,9,0.0,9
101,0.899,9,0.015653133392333984,9
102,0.898,9,0.0,9
103,0.897,9,0.022480010986328125,9
104,0.896,9,0.011934518814086914,9
105,0.895,9,0.006981372833251953,9
106,0.894,9,0.0069811344146728516,9
107,0.893,9,0.0069811344146728516,9
108,0.892,9,0.007978439331054688,9
109,0.891,9,0.006981372833251953,9
110,0.89,9,0.008976459503173828,9
111,0.889,9,0.005983829498291016,9
112,0.888,9,0.008977651596069336,9
113,0.887,9,0.006979465484619141,9
114,0.886,9,0.00798177719116211,9
115,0.885,9,0.005950212478637695,9
116,0.884,9,0.007979393005371094,9
117,0.883,9,0.006980180740356445,9
118,0.882,9,0.008977413177490234,9
119,0.881,9,0.014960765838623047,9
120,0.88,9,0.013962030410766602,9
121,0.879,9,0.010970830917358398,9
122,0.878,10,0.005984067916870117,8
123,0.877,10,0.006986379623413086,8
124,0.876,10,0.005978822708129883,8
125,0.875,10,0.00598454475402832,8
126,0.874,10,0.0069811344146728516,8
127,0.873,10,0.0049860477447509766,8
128,0.872,10,0.005984306335449219,8
129,0.871,10,0.005984783172607422,8
130,0.87,10,0.004986286163330078,8
131,0.869,10,0.004984855651855469,8
132,0.868,10,0.005022287368774414,8
133,0.867,10,0.004951953887939453,8
134,0.866,10,0.003292560577392578,8
135,0.865,10,0.0,8
136,0.864,10,0.0,8
137,0.863,10,0.015623331069946289,8
138,0.862,10,0.0,8
139,0.861,10,0.01561880111694336,8
140,0.86,10,0.0,8
141,0.859,10,0.0,8
142,0.858,10,0.015647411346435547,8
143,0.857,10,0.0,8
144,0.856,10,0.0,8
145,0.855,10,0.0,8
146,0.854,10,0.015619516372680664,8
147,0.853,10,0.0,8
148,0.852,10,0.0,8
149,0.851,10,0.0,8
150,0.85,11,0.015621185302734375,7
151,0.849,11,0.0,7
152,0.848,11,0.0,7
153,0.847,11,0.0,7
154,0.846,11,0.0,7
155,0.845,11,0.015620708465576172,7
156,0.844,11,0.0,7
157,0.843,11,0.0,7
158,0.842,11,0.0,7
159,0.841,11,0.0,7
160,0.84,11,0.01562786102294922,7
161,0.839,11,0.0,7
162,0.838,11,0.0,7
163,0.837,11,0.0,7
164,0.836,11,0.0,7
165,0.835,11,0.0,7
166,0.834,11,0.01562190055847168,7
167,0.833,11,0.0,7
168,0.832,11,0.0,7
169,0.831,11,0.0,7
170,0.83,11,0.0,7
171,0.829,11,0.017745494842529297,7
172,0.828,11,0.002991914749145508,7
173,0.827,11,0.0029578208923339844,7
174,0.8260000000000001,11,0.0011205673217773438,7
175,0.825,11,0.0,7
176,0.8240000000000001,11,0.0,7
177,0.823,11,0.0,7
178,0.8220000000000001,11,0.0,7
179,0.821,11,0.015654563903808594,7
180,0.8200000000000001,11,0.0,7
181,0.819,11,0.0,7
182,0.8180000000000001,11,0.0,7
183,0.817,11,0.0,7
184,0.8160000000000001,11,0.0,7
185,0.815,11,0.015622377395629883,7
186,0.8140000000000001,12,0.0,6
187,0.813,12,0.0,6
188,0.812,12,0.0,6
189,0.8109999999999999,12,0.0,6
190,0.81,12,0.0,6
191,0.8089999999999999,12,0.015622138977050781,6
192,0.808,12,0.0,6
193,0.8069999999999999,12,0.0,6
194,0.806,12,0.0,6
195,0.8049999999999999,12,0.0,6
196,0.804,12,0.0,6
197,0.8029999999999999,12,0.015618324279785156,6
198,0.802,12,0.0,6
199,0.8009999999999999,12,0.0,6
200,0.8,12,0.0,6
201,0.7989999999999999,12,0.0,6
202,0.798,12,0.0,6
203,0.7969999999999999,12,0.0,6
204,0.796,12,0.015620231628417969,6
205,0.795,12,0.0,6
206,0.794,12,0.0,6
207,0.793,12,0.0,6
208,0.792,12,0.0,6
209,0.791,12,0.0,6
210,0.79,12,0.0,6
211,0.789,12,0.0,6
212,0.788,12,0.015624523162841797,6
213,0.787,12,0.0,6
214,0.786,12,0.0,6
215,0.785,12,0.0,6
216,0.784,12,0.0,6
217,0.783,12,0.0,6
218,0.782,12,0.0,6
219,0.781,12,0.015620708465576172,6
220,0.78,12,0.0,6
221,0.779,12,0.0,6
222,0.778,12,0.0,6
223,0.777,12,0.0,6
224,0.776,12,0.0,6
225,0.775,12,0.0,6
226,0.774,12,0.0,6
227,0.773,12,0.01633286476135254,6
228,0.772,12,0.002028226852416992,6
229,0.771,12,0.0019953250885009766,6
230,0.77,12,0.0019948482513427734,6
231,0.769,12,0.001960277557373047,6
232,0.768,12,0.0020279884338378906,6
233,0.767,13,0.000997781753540039,5
234,0.766,13,0.0009970664978027344,5
235,0.765,13,0.001995086669921875,5
236,0.764,13,0.0009987354278564453,5
237,0.763,13,0.001992940902709961,5
238,0.762,13,0.000997304916381836,5
239,0.761,13,0.001994609832763672,5
240,0.76,13,0.0019948482513427734,5
241,0.759,13,0.001458883285522461,5
242,0.758,13,0.0,5
243,0.757,13,0.0,5
244,0.756,13,0.0,5
245,0.755,13,0.0,5
246,0.754,13,0.0,5
247,0.753,13,0.0,5
248,0.752,13,0.0,5
249,0.751,13,0.0,5
250,0.75,13,0.0,5
251,0.749,13,0.0156552791595459,5
252,0.748,13,0.0,5
253,0.747,13,0.0,5
254,0.746,13,0.0,5
255,0.745,13,0.0,5
256,0.744,13,0.0,5
257,0.743,13,0.0,5
258,0.742,13,0.0,5
259,0.741,13,0.015589714050292969,5
260,0.74,13,0.0,5
261,0.739,13,0.0,5
262,0.738,13,0.0,5
263,0.737,13,0.0,5
264,0.736,13,0.0,5
265,0.735,13,0.0,5
266,0.734,13,0.0,5
267,0.733,13,0.0,5
268,0.732,13,0.015620946884155273,5
269,0.731,13,0.0,5
270,0.73,13,0.0,5
271,0.729,13,0.0,5
272,0.728,13,0.0,5
273,0.727,13,0.0,5
274,0.726,13,0.0,5
275,0.725,13,0.0,5
276,0.724,13,0.0,5
277,0.723,13,0.0,5
278,0.722,13,0.0,5
279,0.721,13,0.01562047004699707,5
280,0.72,13,0.0,5
281,0.719,13,0.0,5
282,0.718,13,0.0,5
283,0.7170000000000001,13,0.0,5
284,0.716,13,0.0,5
285,0.7150000000000001,13,0.0,5
286,0.714,13,0.0,5
287,0.7130000000000001,13,0.0,5
288,0.712,13,0.0,5
289,0.7110000000000001,13,0.015621423721313477,5
290,0.71,13,0.0,5
291,0.7090000000000001,13,0.0,5
292,0.708,13,0.0,5
293,0.7070000000000001,13,0.0,5
294,0.706,13,0.0,5
295,0.7050000000000001,13,0.0,5
296,0.704,13,0.0,5
297,0.7030000000000001,14,0.0,4
298,0.702,14,0.0,4
299,0.7010000000000001,14,0.015621185302734375,4
300,0.7,14,0.0,4
301,0.6990000000000001,14,0.0,4
302,0.698,14,0.0,4
303,0.6970000000000001,14,0.0,4
304,0.696,14,0.0,4
305,0.6950000000000001,14,0.0,4
306,0.694,14,0.0,4
307,0.6930000000000001,14,0.0,4
308,0.692,14,0.0,4
309,0.6910000000000001,14,0.0,4
310,0.69,14,0.0,4
311,0.6890000000000001,14,0.0,4
312,0.688,14,0.015790462493896484,4
313,0.687,14,0.002010345458984375,4
314,0.6859999999999999,14,0.0009846687316894531,4
315,0.685,14,0.0009965896606445312,4
316,0.6839999999999999,14,0.000997304916381836,4
317,0.683,14,0.0010111331939697266,4
318,0.6819999999999999,14,0.0009834766387939453,4
319,0.681,14,0.000997304916381836,4
320,0.6799999999999999,14,0.000997304916381836,4
321,0.679,14,0.0009975433349609375,4
322,0.6779999999999999,14,0.000997304916381836,4
323,0.677,14,0.0009970664978027344,4
324,0.6759999999999999,14,0.0009975433349609375,4
325,0.675,14,0.000997304916381836,4
326,0.6739999999999999,14,0.000997304916381836,4
327,0.673,14,0.000997304916381836,4
328,0.6719999999999999,14,0.0009975433349609375,4
329,0.671,14,0.0009970664978027344,4
330,0.6699999999999999,14,0.000997304916381836,4
331,0.669,14,0.0009975433349609375,4
332,0.6679999999999999,14,0.000997304916381836,4
333,0.667,14,0.000997304916381836,4
334,0.6659999999999999,14,0.0009980201721191406,4
335,0.665,14,0.001995086669921875,4
336,0.6639999999999999,14,0.0009965896606445312,4
337,0.663,14,0.0009770393371582031,4
338,0.6619999999999999,14,0.0009975433349609375,4
339,0.661,14,0.000997304916381836,4
340,0.6599999999999999,14,0.000997304916381836,4
341,0.659,14,0.000997304916381836,4
342,0.6579999999999999,14,0.0019943714141845703,4
343,0.657,14,0.000997304916381836,4
344,0.6559999999999999,14,0.000997304916381836,4
345,0.655,14,0.0009975433349609375,4
346,0.654,14,0.0010056495666503906,4
347,0.653,14,0.0019867420196533203,4
348,0.652,14,0.0009996891021728516,4
349,0.651,14,0.0010018348693847656,4
350,0.65,14,0.0009925365447998047,4
351,0.649,14,0.0,4
352,0.648,14,0.0,4
353,0.647,14,0.001009225845336914,4
354,0.646,14,0.0009849071502685547,4
355,0.645,14,0.000997304916381836,4
356,0.644,14,0.0009975433349609375,4
357,0.643,14,0.000997304916381836,4
358,0.642,14,0.0009970664978027344,4
359,0.641,14,0.0,4
360,0.64,14,0.0,4
361,0.639,14,0.0009980201721191406,4
362,0.638,14,0.002011537551879883,4
363,0.637,14,0.000980377197265625,4
364,0.636,14,0.0009970664978027344,4
365,0.635,14,0.0010135173797607422,4
366,0.634,14,0.000997304916381836,4
367,0.633,14,0.000997304916381836,4
368,0.632,14,0.0009975433349609375,4
369,0.631,14,0.0,4
370,0.63,14,0.0,4
371,0.629,14,0.0,4
372,0.628,14,0.0,4
373,0.627,14,0.000997304916381836,4
374,0.626,14,0.000997304916381836,4
375,0.625,14,0.0009970664978027344,4
376,0.624,14,0.0019958019256591797,4
377,0.623,14,0.0009968280792236328,4
378,0.622,14,0.0009980201721191406,4
379,0.621,14,0.0019936561584472656,4
380,0.62,14,0.000997304916381836,4
381,0.619,14,0.000997304916381836,4
382,0.618,14,0.000997304916381836,4
383,0.617,14,0.000997304916381836,4
384,0.616,14,0.0009975433349609375,4
385,0.615,14,0.000997304916381836,4
386,0.614,14,0.0009970664978027344,4
387,0.613,14,0.000997304916381836,4
388,0.612,15,0.0,3
389,0.611,15,0.0009975433349609375,3
390,0.61,15,0.000997304916381836,3
391,0.609,15,0.000997304916381836,3
392,0.608,15,0.0009984970092773438,3
393,0.607,15,0.0009968280792236328,3
394,0.606,15,0.0009970664978027344,3
395,0.605,15,0.0,3
396,0.604,15,0.0,3
397,0.603,15,0.0,3
398,0.602,15,0.0009970664978027344,3
399,0.601,15,0.0009975433349609375,3
400,0.6,15,0.000997304916381836,3
401,0.599,15,0.000997304916381836,3
402,0.598,15,0.0009970664978027344,3
403,0.597,15,0.0009975433349609375,3
404,0.596,15,0.0,3
405,0.595,15,0.0,3
406,0.594,15,0.000997304916381836,3
407,0.593,15,0.0009975433349609375,3
408,0.5920000000000001,15,0.0009970664978027344,3
409,0.591,15,0.0,3
410,0.5900000000000001,15,0.0009970664978027344,3
411,0.589,15,0.000993490219116211,3
412,0.5880000000000001,15,0.0010135173797607422,3
413,0.587,15,0.0009810924530029297,3
414,0.5860000000000001,15,0.000997304916381836,3
415,0.585,15,0.0010004043579101562,3
416,0.5840000000000001,15,0.0,3
417,0.583,15,0.0,3
418,0.5820000000000001,15,0.000997304916381836,3
419,0.581,15,0.0009975433349609375,3
420,0.5800000000000001,15,0.0,3
421,0.579,15,0.0009970664978027344,3
422,0.5780000000000001,15,0.000997304916381836,3
423,0.577,15,0.0,3
424,0.5760000000000001,15,0.0,3
425,0.575,15,0.000997304916381836,3
426,0.5740000000000001,15,0.0010066032409667969,3
427,0.573,15,0.0,3
428,0.5720000000000001,15,0.0009877681732177734,3
429,0.571,15,0.0009975433349609375,3
430,0.5700000000000001,15,0.0,3
431,0.569,15,0.000997781753540039,3
432,0.5680000000000001,15,0.000997781753540039,3
433,0.567,15,0.0009970664978027344,3
434,0.5660000000000001,15,0.0009970664978027344,3
435,0.565,15,0.000997781753540039,3
436,0.5640000000000001,15,0.0010182857513427734,3
437,0.563,15,0.0009758472442626953,3
438,0.562,15,0.0009970664978027344,3
439,0.5609999999999999,15,0.0,3
440,0.56,15,0.0009975433349609375,3
441,0.5589999999999999,15,0.0009970664978027344,3
442,0.558,15,0.0,3
443,0.5569999999999999,15,0.0,3
444,0.556,15,0.000997304916381836,3
445,0.5549999999999999,15,0.0,3
446,0.554,15,0.0,3
447,0.5529999999999999,15,0.000997304916381836,3
448,0.552,15,0.0,3
449,0.5509999999999999,15,0.0,3
450,0.55,15,0.0009975433349609375,3
451,0.5489999999999999,15,0.000997781753540039,3
452,0.548,15,0.0009982585906982422,3
453,0.5469999999999999,15,0.0019948482513427734,3
454,0.546,15,0.0,3
455,0.5449999999999999,15,0.0009961128234863281,3
456,0.544,15,0.0009970664978027344,3
457,0.5429999999999999,15,0.0009975433349609375,3
458,0.542,15,0.0009970664978027344,3
459,0.5409999999999999,15,0.0,3
460,0.54,15,0.000997304916381836,3
461,0.5389999999999999,15,0.000997304916381836,3
462,0.538,15,0.0,3
463,0.5369999999999999,15,0.0,3
464,0.536,15,0.000997304916381836,3
465,0.5349999999999999,15,0.0,3
466,0.534,15,0.000997304916381836,3
467,0.5329999999999999,15,0.0009975433349609375,3
468,0.532,15,0.0,3
469,0.5309999999999999,15,0.000997304916381836,3
470,0.53,15,0.0,3
471,0.529,15,0.0,3
472,0.528,15,0.0009970664978027344,3
473,0.527,15,0.0010156631469726562,3
474,0.526,15,0.0009801387786865234,3
475,0.525,15,0.000997304916381836,3
476,0.524,15,0.0010023117065429688,3
477,0.523,15,0.0009920597076416016,3
478,0.522,15,0.0009968280792236328,3
479,0.521,15,0.0009970664978027344,3
480,0.52,15,0.0,3
481,0.519,15,0.0009975433349609375,3
482,0.518,15,0.0,3
483,0.517,15,0.0,3
484,0.516,15,0.000997304916381836,3
485,0.515,15,0.0,3
486,0.514,15,0.0009975433349609375,3
487,0.513,15,0.000997304916381836,3
488,0.512,15,0.0,3
489,0.511,15,0.0009970664978027344,3
490,0.51,15,0.0,3
491,0.509,15,0.0,3
492,0.508,15,0.0009975433349609375,3
493,0.507,15,0.0,3
494,0.506,15,0.000997304916381836,3
495,0.505,15,0.001010894775390625,3
496,0.504,15,0.0009849071502685547,3
497,0.503,15,0.0009968280792236328,3
498,0.502,15,0.0,3
499,0.501,15,0.000997304916381836,3
500,0.5,15,0.0009965896606445312,3
501,0.499,15,0.000997304916381836,3
502,0.498,15,0.0,3
503,0.497,15,0.0009970664978027344,3
504,0.496,15,0.0009975433349609375,3
505,0.495,15,0.0,3
506,0.494,15,0.000997304916381836,3
507,0.493,15,0.0,3
508,0.492,15,0.000997304916381836,3
509,0.491,15,0.0009970664978027344,3
510,0.49,15,0.0,3
511,0.489,15,0.000997781753540039,3
512,0.488,15,0.0,3
513,0.487,15,0.0009970664978027344,3
514,0.486,15,0.000997304916381836,3
515,0.485,15,0.0009982585906982422,3
516,0.484,15,0.0,3
517,0.483,15,0.0009965896606445312,3
518,0.482,15,0.0,3
519,0.481,15,0.0,3
520,0.48,15,0.0,3
521,0.479,15,0.0,3
522,0.478,15,0.0009832382202148438,3
523,0.477,15,0.0009968280792236328,3
524,0.476,15,0.0009975433349609375,3
525,0.475,15,0.0,3
526,0.474,15,0.0009968280792236328,3
527,0.473,15,0.0,3
528,0.472,15,0.0,3
529,0.471,16,0.0,2
530,0.47,16,0.0,2
531,0.469,16,0.0,2
532,0.46799999999999997,16,0.0009975433349609375,2
533,0.46699999999999997,16,0.0,2
534,0.46599999999999997,16,0.000997304916381836,2
535,0.46499999999999997,16,0.0,2
536,0.46399999999999997,16,0.0,2
537,0.46299999999999997,16,0.0,2
538,0.46199999999999997,16,0.0,2
539,0.46099999999999997,16,0.000997304916381836,2
540,0.45999999999999996,16,0.0,2
541,0.45899999999999996,16,0.000997781753540039,2
542,0.45799999999999996,16,0.0,2
543,0.45699999999999996,16,0.0009970664978027344,2
544,0.45599999999999996,16,0.0,2
545,0.45499999999999996,16,0.0,2
546,0.45399999999999996,16,0.0,2
547,0.45299999999999996,16,0.0,2
548,0.45199999999999996,16,0.0009975433349609375,2
549,0.45099999999999996,16,0.0,2
550,0.44999999999999996,16,0.0,2
551,0.44899999999999995,16,0.0009968280792236328,2
552,0.44799999999999995,16,0.0,2
553,0.44699999999999995,16,0.0,2
554,0.44599999999999995,16,0.0009999275207519531,2
555,0.44499999999999995,16,0.0,2
556,0.44399999999999995,16,0.0009937286376953125,2
557,0.44299999999999995,16,0.0,2
558,0.44199999999999995,16,0.000997781753540039,2
559,0.44099999999999995,16,0.0,2
560,0.43999999999999995,16,0.0009970664978027344,2
561,0.43899999999999995,16,0.0,2
562,0.43799999999999994,16,0.0,2
563,0.43699999999999994,16,0.0009970664978027344,2
564,0.43600000000000005,16,0.0,2
565,0.43500000000000005,16,0.000997304916381836,2
566,0.43400000000000005,16,0.0,2
567,0.43300000000000005,16,0.0,2
568,0.43200000000000005,16,0.0,2
569,0.43100000000000005,16,0.0,2
570,0.43000000000000005,16,0.000997304916381836,2
571,0.42900000000000005,16,0.0,2
572,0.42800000000000005,16,0.0,2
573,0.42700000000000005,16,0.0,2
574,0.42600000000000005,16,0.0010144710540771484,2
575,0.42500000000000004,16,0.0,2
576,0.42400000000000004,16,0.000980377197265625,2
577,0.42300000000000004,16,0.0,2
578,0.42200000000000004,16,0.0,2
579,0.42100000000000004,16,0.000997304916381836,2
580,0.42000000000000004,16,0.0,2
581,0.41900000000000004,16,0.0009970664978027344,2
582,0.41800000000000004,16,0.0,2
583,0.41700000000000004,16,0.0,2
584,0.41600000000000004,16,0.0009975433349609375,2
585,0.41500000000000004,16,0.0009987354278564453,2
586,0.41400000000000003,16,0.0,2
587,0.41300000000000003,16,0.0,2
588,0.41200000000000003,16,0.0009982585906982422,2
589,0.41100000000000003,16,0.0,2
590,0.41000000000000003,16,0.0010135173797607422,2
591,0.40900000000000003,16,0.0,2
592,0.40800000000000003,16,0.0009801387786865234,2
593,0.40700000000000003,16,0.0,2
594,0.406,16,0.0009970664978027344,2
595,0.405,16,0.0,2
596,0.404,16,0.0,2
597,0.403,16,0.0,2
598,0.402,16,0.0,2
599,0.401,16,0.000997304916381836,2
600,0.4,16,0.0,2
601,0.399,16,0.0,2
602,0.398,16,0.0,2
603,0.397,16,0.0,2
604,0.396,16,0.0009975433349609375,2
605,0.395,16,0.0,2
606,0.394,16,0.0,2
607,0.393,16,0.0,2
608,0.392,16,0.0,2
609,0.391,16,0.000997781753540039,2
610,0.39,16,0.0,2
611,0.389,16,0.0009968280792236328,2
612,0.388,16,0.0,2
613,0.387,16,0.0,2
614,0.386,16,0.0009975433349609375,2
615,0.385,16,0.0,2
616,0.384,16,0.0,2
617,0.383,16,0.0,2
618,0.382,16,0.0,2
619,0.381,16,0.000997304916381836,2
620,0.38,16,0.0,2
621,0.379,16,0.0009984970092773438,2
622,0.378,16,0.0,2
623,0.377,16,0.000997304916381836,2
624,0.376,16,0.0009965896606445312,2
625,0.375,16,0.0,2
626,0.374,16,0.0009980201721191406,2
627,0.373,16,0.0,2
628,0.372,16,0.0010025501251220703,2
629,0.371,16,0.0,2
630,0.37,16,0.0010056495666503906,2
631,0.369,16,0.0,2
632,0.368,16,0.0009829998016357422,2
633,0.367,16,0.0,2
634,0.366,16,0.0,2
635,0.365,16,0.0009970664978027344,2
636,0.364,16,0.0,2
637,0.363,16,0.0,2
638,0.362,16,0.0,2
639,0.361,16,0.0,2
640,0.36,16,0.000997304916381836,2
641,0.359,16,0.0,2
642,0.358,16,0.0,2
643,0.357,16,0.0,2
644,0.356,16,0.0,2
645,0.355,16,0.000997781753540039,2
646,0.354,16,0.0,2
647,0.353,16,0.000997304916381836,2
648,0.352,16,0.0,2
649,0.351,16,0.0,2
650,0.35,16,0.0009970664978027344,2
651,0.349,16,0.0,2
652,0.348,16,0.0,2
653,0.347,16,0.0,2
654,0.346,16,0.0,2
655,0.345,16,0.0009975433349609375,2
656,0.344,16,0.0,2
657,0.34299999999999997,16,0.0,2
658,0.34199999999999997,16,0.0009970664978027344,2
659,0.34099999999999997,16,0.0,2
660,0.33999999999999997,16,0.0009984970092773438,2
661,0.33899999999999997,16,0.0010039806365966797,2
662,0.33799999999999997,16,0.0,2
663,0.33699999999999997,16,0.0,2
664,0.33599999999999997,16,0.000989675521850586,2
665,0.33499999999999996,16,0.0,2
666,0.33399999999999996,16,0.0,2
667,0.33299999999999996,16,0.0,2
668,0.33199999999999996,16,0.0,2
669,0.33099999999999996,16,0.000997304916381836,2
670,0.32999999999999996,16,0.0,2
671,0.32899999999999996,16,0.0,2
672,0.32799999999999996,16,0.000997304916381836,2
673,0.32699999999999996,16,0.0,2
674,0.32599999999999996,16,0.0,2
675,0.32499999999999996,16,0.0,2
676,0.32399999999999995,16,0.0,2
677,0.32299999999999995,16,0.0009970664978027344,2
678,0.32199999999999995,16,0.0,2
679,0.32099999999999995,16,0.0,2
680,0.31999999999999995,16,0.0009975433349609375,2
681,0.31899999999999995,16,0.0,2
682,0.31799999999999995,16,0.000997304916381836,2
683,0.31699999999999995,16,0.0,2
684,0.31599999999999995,16,0.0,2
685,0.31499999999999995,16,0.000997304916381836,2
686,0.31399999999999995,16,0.0,2
687,0.31299999999999994,16,0.0,2
688,0.31199999999999994,16,0.0,2
689,0.31100000000000005,16,0.0,2
690,0.31000000000000005,16,0.000997781753540039,2
691,0.30900000000000005,16,0.0,2
692,0.30800000000000005,16,0.0,2
693,0.30700000000000005,16,0.0009968280792236328,2
694,0.30600000000000005,16,0.0,2
695,0.30500000000000005,16,0.0,2
696,0.30400000000000005,16,0.000997304916381836,2
697,0.30300000000000005,16,0.0,2
698,0.30200000000000005,16,0.0,2
699,0.30100000000000005,16,0.0,2
700,0.30000000000000004,16,0.0,2
701,0.29900000000000004,16,0.000997304916381836,2
702,0.29800000000000004,16,0.0,2
703,0.29700000000000004,16,0.0009975433349609375,2
704,0.29600000000000004,16,0.0,2
705,0.29500000000000004,16,0.0,2
706,0.29400000000000004,16,0.0009970664978027344,2
707,0.29300000000000004,16,0.0,2
708,0.29200000000000004,16,0.0,2
709,0.29100000000000004,16,0.0009975433349609375,2
710,0.29000000000000004,16,0.0,2
711,0.28900000000000003,16,0.0,2
712,0.28800000000000003,16,0.0,2
713,0.28700000000000003,16,0.0,2
714,0.28600000000000003,16,0.000997304916381836,2
715,0.28500000000000003,16,0.0,2
716,0.28400000000000003,16,0.0,2
717,0.28300000000000003,16,0.0009975433349609375,2
718,0.28200000000000003,16,0.0,2
719,0.281,16,0.0,2
720,0.28,16,0.000997304916381836,2
721,0.279,16,0.0,2
722,0.278,16,0.0,2
723,0.277,16,0.0,2
724,0.276,16,0.0,2
725,0.275,16,0.000997304916381836,2
726,0.274,16,0.0,2
727,0.273,16,0.0,2
728,0.272,16,0.0,2
729,0.271,16,0.0,2
730,0.27,16,0.0,2
731,0.269,16,0.0,2
732,0.268,16,0.0,2
733,0.267,16,0.000997304916381836,2
734,0.266,16,0.0,2
735,0.265,16,0.0,2
736,0.264,16,0.0009975433349609375,2
737,0.263,16,0.0,2
738,0.262,16,0.0,2
739,0.261,16,0.000997304916381836,2
740,0.26,16,0.0,2
741,0.259,16,0.0,2
742,0.258,16,0.0,2
743,0.257,16,0.0,2
744,0.256,16,0.0009970664978027344,2
745,0.255,16,0.0,2
746,0.254,16,0.0,2
747,0.253,16,0.001219034194946289,2
748,0.252,16,0.0,2
749,0.251,16,0.0,2
750,0.25,16,0.0,2
751,0.249,16,0.0,2
752,0.248,16,0.0,2
753,0.247,16,0.0,2
754,0.246,16,0.0,2
755,0.245,16,0.0,2
756,0.244,16,0.0,2
757,0.243,16,0.0,2
758,0.242,16,0.0,2
759,0.241,16,0.0,2
760,0.24,16,0.0,2
761,0.239,16,0.0,2
762,0.238,16,0.0,2
763,0.237,16,0.0,2
764,0.236,16,0.0,2
765,0.235,16,0.0,2
766,0.23399999999999999,16,0.0,2
767,0.23299999999999998,16,0.0,2
768,0.23199999999999998,17,0.0,1
769,0.23099999999999998,17,0.0,1
770,0.22999999999999998,17,0.0,1
771,0.22899999999999998,17,0.0,1
772,0.22799999999999998,17,0.0,1
773,0.22699999999999998,17,0.0,1
774,0.22599999999999998,17,0.0,1
775,0.22499999999999998,17,0.0,1
776,0.22399999999999998,17,0.0,1
777,0.22299999999999998,17,0.0,1
778,0.22199999999999998,17,0.0,1
779,0.22099999999999997,17,0.0,1
780,0.21999999999999997,17,0.0,1
781,0.21899999999999997,17,0.0,1
782,0.21799999999999997,17,0.0,1
783,0.21699999999999997,17,0.0,1
784,0.21599999999999997,17,0.0,1
785,0.21499999999999997,17,0.0,1
786,0.21399999999999997,17,0.0,1
787,0.21299999999999997,17,0.0,1
788,0.21199999999999997,17,0.0,1
789,0.21099999999999997,17,0.0,1
790,0.20999999999999996,17,0.0,1
791,0.20899999999999996,17,0.0,1
792,0.20799999999999996,17,0.0,1
793,0.20699999999999996,17,0.0,1
794,0.20599999999999996,17,0.0,1
795,0.20499999999999996,17,0.0,1
796,0.20399999999999996,17,0.0,1
797,0.20299999999999996,17,0.0,1
798,0.20199999999999996,17,0.0,1
799,0.20099999999999996,17,0.0,1
800,0.19999999999999996,17,0.0,1
801,0.19899999999999995,17,0.0,1
802,0.19799999999999995,17,0.0,1
803,0.19699999999999995,17,0.0,1
804,0.19599999999999995,17,0.015654325485229492,1
805,0.19499999999999995,17,0.0,1
806,0.19399999999999995,17,0.0,1
807,0.19299999999999995,17,0.0,1
808,0.19199999999999995,17,0.0,1
809,0.19099999999999995,17,0.0,1
810,0.18999999999999995,17,0.0,1
811,0.18899999999999995,17,0.0,1
812,0.18799999999999994,17,0.0,1
813,0.18699999999999994,17,0.0,1
814,0.18600000000000005,17,0.0,1
815,0.18500000000000005,17,0.0,1
816,0.18400000000000005,17,0.0,1
817,0.18300000000000005,17,0.0,1
818,0.18200000000000005,17,0.0,1
819,0.18100000000000005,17,0.0,1
820,0.18000000000000005,17,0.0,1
821,0.17900000000000005,17,0.0,1
822,0.17800000000000005,17,0.0,1
823,0.17700000000000005,17,0.0,1
824,0.17600000000000005,17,0.0,1
825,0.17500000000000004,17,0.0,1
826,0.17400000000000004,17,0.0,1
827,0.17300000000000004,17,0.0,1
828,0.17200000000000004,17,0.0,1
829,0.17100000000000004,17,0.0,1
830,0.17000000000000004,17,0.0,1
831,0.16900000000000004,17,0.0,1
832,0.16800000000000004,17,0.0,1
833,0.16700000000000004,17,0.0,1
834,0.16600000000000004,17,0.0,1
835,0.16500000000000004,17,0.0,1
836,0.16400000000000003,17,0.0,1
837,0.16300000000000003,17,0.0,1
838,0.16200000000000003,17,0.0,1
839,0.16100000000000003,17,0.0,1
840,0.16000000000000003,17,0.0,1
841,0.15900000000000003,17,0.0,1
842,0.15800000000000003,17,0.0,1
843,0.15700000000000003,17,0.0,1
844,0.15600000000000003,17,0.0,1
845,0.15500000000000003,17,0.0,1
846,0.15400000000000003,17,0.0,1
847,0.15300000000000002,17,0.0,1
848,0.15200000000000002,17,0.0,1
849,0.15100000000000002,17,0.0,1
850,0.15000000000000002,17,0.0,1
851,0.14900000000000002,17,0.0,1
852,0.14800000000000002,17,0.0,1
853,0.14700000000000002,17,0.0,1
854,0.14600000000000002,17,0.0,1
855,0.14500000000000002,17,0.0,1
856,0.14400000000000002,17,0.0,1
857,0.14300000000000002,17,0.0,1
858,0.14200000000000002,17,0.0,1
859,0.14100000000000001,17,0.0,1
860,0.14,17,0.0,1
861,0.139,17,0.0,1
862,0.138,17,0.0,1
863,0.137,17,0.0,1
864,0.136,17,0.0,1
865,0.135,17,0.0,1
866,0.134,17,0.0,1
867,0.133,17,0.0,1
868,0.132,17,0.0,1
869,0.131,17,0.0,1
870,0.13,17,0.0,1
871,0.129,17,0.0,1
872,0.128,17,0.0,1
873,0.127,17,0.0,1
874,0.126,17,0.0,1
875,0.125,17,0.0,1
876,0.124,17,0.0,1
877,0.123,17,0.0,1
878,0.122,17,0.0,1
879,0.121,17,0.0,1
880,0.12,17,0.0,1
881,0.119,17,0.0,1
882,0.118,17,0.0,1
883,0.11699999999999999,17,0.0,1
884,0.11599999999999999,17,0.0,1
885,0.11499999999999999,17,0.0,1
886,0.11399999999999999,17,0.0,1
887,0.11299999999999999,17,0.0,1
888,0.11199999999999999,17,0.0,1
889,0.11099999999999999,17,0.0,1
890,0.10999999999999999,17,0.0,1
891,0.10899999999999999,17,0.0,1
892,0.10799999999999998,17,0.0,1
893,0.10699999999999998,17,0.0,1
894,0.10599999999999998,17,0.0,1
895,0.10499999999999998,17,0.0,1
896,0.10399999999999998,17,0.0,1
897,0.10299999999999998,17,0.0,1
898,0.10199999999999998,17,0.0,1
899,0.10099999999999998,17,0.0,1
900,0.09999999999999998,17,0.0,1
901,0.09899999999999998,17,0.0,1
902,0.09799999999999998,17,0.0,1
903,0.09699999999999998,17,0.0,1
904,0.09599999999999997,17,0.0,1
905,0.09499999999999997,17,0.0,1
906,0.09399999999999997,17,0.0,1
907,0.09299999999999997,17,0.0,1
908,0.09199999999999997,17,0.0,1
909,0.09099999999999997,17,0.0,1
910,0.08999999999999997,17,0.0,1
911,0.08899999999999997,17,0.0,1
912,0.08799999999999997,17,0.0,1
913,0.08699999999999997,17,0.0,1
914,0.08599999999999997,17,0.0,1
915,0.08499999999999996,17,0.0,1
916,0.08399999999999996,17,0.0,1
917,0.08299999999999996,17,0.0,1
918,0.08199999999999996,17,0.0,1
919,0.08099999999999996,17,0.0,1
920,0.07999999999999996,17,0.0,1
921,0.07899999999999996,17,0.0,1
922,0.07799999999999996,17,0.0,1
923,0.07699999999999996,17,0.0,1
924,0.07599999999999996,17,0.0,1
925,0.07499999999999996,17,0.0,1
926,0.07399999999999995,17,0.0,1
927,0.07299999999999995,17,0.0,1
928,0.07199999999999995,17,0.0,1
929,0.07099999999999995,17,0.0,1
930,0.06999999999999995,17,0.0,1
931,0.06899999999999995,17,0.0,1
932,0.06799999999999995,17,0.0,1
933,0.06699999999999995,17,0.0,1
934,0.06599999999999995,17,0.0,1
935,0.06499999999999995,17,0.0,1
936,0.06399999999999995,17,0.0,1
937,0.06299999999999994,17,0.0,1
938,0.061999999999999944,17,0.0,1
939,0.061000000000000054,17,0.0,1
940,0.06000000000000005,17,0.0,1
941,0.05900000000000005,17,0.0,1
942,0.05800000000000005,17,0.0,1
943,0.05700000000000005,17,0.0,1
944,0.05600000000000005,17,0.0,1
945,0.05500000000000005,17,0.015622854232788086,1
946,0.05400000000000005,17,0.0,1
947,0.05300000000000005,17,0.0,1
948,0.052000000000000046,17,0.0,1
949,0.051000000000000045,17,0.0,1
950,0.050000000000000044,17,0.0,1
951,0.049000000000000044,17,0.0,1
952,0.04800000000000004,17,0.0,1
953,0.04700000000000004,17,0.0,1
954,0.04600000000000004,17,0.0,1
955,0.04500000000000004,17,0.0,1
956,0.04400000000000004,17,0.0,1
957,0.04300000000000004,17,0.0,1
958,0.04200000000000004,17,0.0,1
959,0.041000000000000036,17,0.0,1
960,0.040000000000000036,17,0.0,1
961,0.039000000000000035,17,0.0,1
962,0.038000000000000034,17,0.0,1
963,0.03700000000000003,17,0.0,1
964,0.03600000000000003,17,0.0,1
965,0.03500000000000003,17,0.0,1
966,0.03400000000000003,17,0.0,1
967,0.03300000000000003,17,0.0,1
968,0.03200000000000003,17,0.0,1
969,0.031000000000000028,17,0.0,1
970,0.030000000000000027,17,0.0,1
971,0.029000000000000026,17,0.0,1
972,0.028000000000000025,17,0.0,1
973,0.027000000000000024,17,0.0,1
974,0.026000000000000023,17,0.0,1
975,0.025000000000000022,17,0.0,1
976,0.02400000000000002,17,0.0,1
977,0.02300000000000002,17,0.0,1
978,0.02200000000000002,17,0.0,1
979,0.02100000000000002,17,0.0,1
980,0.020000000000000018,17,0.0,1
981,0.019000000000000017,17,0.0,1
982,0.018000000000000016,17,0.0,1
983,0.017000000000000015,17,0.0,1
984,0.016000000000000014,17,0.0,1
985,0.015000000000000013,17,0.0,1
986,0.014000000000000012,17,0.0,1
987,0.013000000000000012,17,0.0,1
988,0.01200000000000001,17,0.0,1
989,0.01100000000000001,17,0.0,1
990,0.010000000000000009,17,0.0,1
991,0.009000000000000008,17,0.0,1
992,0.008000000000000007,17,0.0,1
993,0.007000000000000006,17,0.0,1
994,0.006000000000000005,17,0.0,1
995,0.0050000000000000044,17,0.0,1
996,0.0040000000000000036,17,0.0,1
997,0.0030000000000000027,17,0.0,1
998,0.0020000000000000018,17,0.0,1
999,0.0010000000000000009,17,0.0,1
